Date,BTC
2017-11-09,7143.580078
2017-11-10,6618.140137
2017-11-11,6357.600098
2017-11-12,5950.069824
2017-11-13,6559.490234
2017-11-14,6635.75
2017-11-15,7315.540039
2017-11-16,7871.689941
2017-11-17,7708.990234
2017-11-18,7790.149902
2017-11-19,8036.490234
2017-11-20,8200.639648
2017-11-21,8071.259766
2017-11-22,8253.549805
2017-11-23,8038.77002
2017-11-24,8253.69043
2017-11-25,8790.919922
2017-11-26,9330.549805
2017-11-27,9818.349609
2017-11-28,10058.79981
2017-11-29,9888.610352
2017-11-30,10233.59961
2017-12-01,10975.59961
2017-12-02,11074.59961
2017-12-03,11323.2002
2017-12-04,11657.2002
2017-12-05,11916.7002
2017-12-06,14291.5
2017-12-07,17899.69922
2017-12-08,16569.40039
2017-12-09,15178.2002
2017-12-10,15455.40039
2017-12-11,16936.80078
2017-12-12,17415.40039
2017-12-13,16408.19922
2017-12-14,16564
2017-12-15,17706.90039
2017-12-16,19497.40039
2017-12-17,19140.80078
2017-12-18,19114.19922
2017-12-19,17776.69922
2017-12-20,16624.59961
2017-12-21,15802.90039
2017-12-22,13831.79981
2017-12-23,14699.2002
2017-12-24,13925.79981
2017-12-25,14026.59961
2017-12-26,16099.79981
2017-12-27,15838.5
2017-12-28,14606.5
2017-12-29,14656.2002
2017-12-30,12952.2002
2017-12-31,14156.40039
2018-01-01,13657.2002
2018-01-02,14982.09961
2018-01-03,15201
2018-01-04,15599.2002
2018-01-05,17429.5
2018-01-06,17527
2018-01-07,16477.59961
2018-01-08,15170.09961
2018-01-09,14595.40039
2018-01-10,14973.29981
2018-01-11,13405.79981
2018-01-12,13980.59961
2018-01-13,14360.2002
2018-01-14,13772
2018-01-15,13819.79981
2018-01-16,11490.5
2018-01-17,11188.59961
2018-01-18,11474.90039
2018-01-19,11607.40039
2018-01-20,12899.2002
2018-01-21,11600.09961
2018-01-22,10931.40039
2018-01-23,10868.40039
2018-01-24,11359.40039
2018-01-25,11259.40039
2018-01-26,11171.40039
2018-01-27,11440.7002
2018-01-28,11786.29981
2018-01-29,11296.40039
2018-01-30,10106.29981
2018-01-31,10221.09961
2018-02-01,9170.540039
2018-02-02,8830.75
2018-02-03,9174.910156
2018-02-04,8277.009766
2018-02-05,6955.27002
2018-02-06,7754
2018-02-07,7621.299805
2018-02-08,8265.589844
2018-02-09,8736.980469
2018-02-10,8621.900391
2018-02-11,8129.970215
2018-02-12,8926.570313
2018-02-13,8598.30957
2018-02-14,9494.629883
2018-02-15,10166.40039
2018-02-16,10233.90039
2018-02-17,11112.7002
2018-02-18,10551.79981
2018-02-19,11225.29981
2018-02-20,11403.7002
2018-02-21,10690.40039
2018-02-22,10005
2018-02-23,10301.09961
2018-02-24,9813.070313
2018-02-25,9664.730469
2018-02-26,10366.7002
2018-02-27,10725.59961
2018-02-28,10397.90039
2018-03-01,10951
2018-03-02,11086.40039
2018-03-03,11489.7002
2018-03-04,11512.59961
2018-03-05,11573.29981
2018-03-06,10779.90039
2018-03-07,9965.570313
2018-03-08,9395.009766
2018-03-09,9337.549805
2018-03-10,8866
2018-03-11,9578.629883
2018-03-12,9205.120117
2018-03-13,9194.849609
2018-03-14,8269.80957
2018-03-15,8300.860352
2018-03-16,8338.349609
2018-03-17,7916.879883
2018-03-18,8223.679688
2018-03-19,8630.650391
2018-03-20,8913.469727
2018-03-21,8929.280273
2018-03-22,8728.469727
2018-03-23,8879.620117
2018-03-24,8668.120117
2018-03-25,8495.780273
2018-03-26,8209.400391
2018-03-27,7833.040039
2018-03-28,7954.47998
2018-03-29,7165.700195
2018-03-30,6890.52002
2018-03-31,6973.529785
2018-04-01,6844.22998
2018-04-02,7083.799805
2018-04-03,7456.109863
2018-04-04,6853.839844
2018-04-05,6811.470215
2018-04-06,6636.319824
2018-04-07,6911.089844
2018-04-08,7023.52002
2018-04-09,6770.72998
2018-04-10,6834.759766
2018-04-11,6968.319824
2018-04-12,7889.25
2018-04-13,7895.959961
2018-04-14,7986.240234
2018-04-15,8329.110352
2018-04-16,8058.669922
2018-04-17,7902.089844
2018-04-18,8163.419922
2018-04-19,8294.30957
2018-04-20,8845.830078
2018-04-21,8895.580078
2018-04-22,8802.459961
2018-04-23,8930.879883
2018-04-24,9697.5
2018-04-25,8845.740234
2018-04-26,9281.509766
2018-04-27,8987.049805
2018-04-28,9348.480469
2018-04-29,9419.080078
2018-04-30,9240.549805
2018-05-01,9119.009766
2018-05-02,9235.919922
2018-05-03,9743.860352
2018-05-04,9700.759766
2018-05-05,9858.150391
2018-05-06,9654.799805
2018-05-07,9373.009766
2018-05-08,9234.820313
2018-05-09,9325.179688
2018-05-10,9043.94043
2018-05-11,8441.490234
2018-05-12,8504.889648
2018-05-13,8723.94043
2018-05-14,8716.790039
2018-05-15,8510.379883
2018-05-16,8368.830078
2018-05-17,8094.319824
2018-05-18,8250.969727
2018-05-19,8247.179688
2018-05-20,8513.25
2018-05-21,8418.990234
2018-05-22,8041.779785
2018-05-23,7557.819824
2018-05-24,7587.339844
2018-05-25,7480.140137
2018-05-26,7355.879883
2018-05-27,7368.220215
2018-05-28,7135.990234
2018-05-29,7472.589844
2018-05-30,7406.52002
2018-05-31,7494.169922
2018-06-01,7541.450195
2018-06-02,7643.450195
2018-06-03,7720.25
2018-06-04,7514.470215
2018-06-05,7633.759766
2018-06-06,7653.97998
2018-06-07,7678.240234
2018-06-08,7624.919922
2018-06-09,7531.97998
2018-06-10,6786.02002
2018-06-11,6906.919922
2018-06-12,6582.359863
2018-06-13,6349.899902
2018-06-14,6675.350098
2018-06-15,6456.580078
2018-06-16,6550.160156
2018-06-17,6499.27002
2018-06-18,6734.819824
2018-06-19,6769.939941
2018-06-20,6776.549805
2018-06-21,6729.740234
2018-06-22,6083.689941
2018-06-23,6162.47998
2018-06-24,6173.22998
2018-06-25,6249.180176
2018-06-26,6093.669922
2018-06-27,6157.129883
2018-06-28,5903.439941
2018-06-29,6218.299805
2018-06-30,6404
2018-07-01,6385.819824
2018-07-02,6614.180176
2018-07-03,6529.589844
2018-07-04,6597.549805
2018-07-05,6639.140137
2018-07-06,6673.5
2018-07-07,6856.930176
2018-07-08,6773.879883
2018-07-09,6741.75
2018-07-10,6329.950195
2018-07-11,6394.709961
2018-07-12,6228.810059
2018-07-13,6238.049805
2018-07-14,6276.120117
2018-07-15,6359.640137
2018-07-16,6741.75
2018-07-17,7321.040039
2018-07-18,7370.779785
2018-07-19,7466.859863
2018-07-20,7354.129883
2018-07-21,7419.290039
2018-07-22,7418.490234
2018-07-23,7711.109863
2018-07-24,8424.269531
2018-07-25,8181.390137
2018-07-26,7951.580078
2018-07-27,8165.009766
2018-07-28,8192.150391
2018-07-29,8218.459961
2018-07-30,8180.47998
2018-07-31,7780.439941
2018-08-01,7624.910156
2018-08-02,7567.149902
2018-08-03,7434.390137
2018-08-04,7032.850098
2018-08-05,7068.47998
2018-08-06,6951.799805
2018-08-07,6753.120117
2018-08-08,6305.799805
2018-08-09,6568.22998
2018-08-10,6184.709961
2018-08-11,6295.72998
2018-08-12,6322.689941
2018-08-13,6297.569824
2018-08-14,6199.709961
2018-08-15,6308.52002
2018-08-16,6334.72998
2018-08-17,6580.629883
2018-08-18,6423.759766
2018-08-19,6506.069824
2018-08-20,6308.529785
2018-08-21,6488.759766
2018-08-22,6376.709961
2018-08-23,6534.879883
2018-08-24,6719.959961
2018-08-25,6763.189941
2018-08-26,6707.259766
2018-08-27,6884.640137
2018-08-28,7096.279785
2018-08-29,7047.160156
2018-08-30,6978.22998
2018-08-31,7037.580078
2018-09-01,7193.25
2018-09-02,7272.720215
2018-09-03,7260.060059
2018-09-04,7361.660156
2018-09-05,6792.830078
2018-09-06,6529.169922
2018-09-07,6467.069824
2018-09-08,6225.97998
2018-09-09,6300.859863
2018-09-10,6329.700195
2018-09-11,6321.200195
2018-09-12,6351.799805
2018-09-13,6517.310059
2018-09-14,6512.709961
2018-09-15,6543.200195
2018-09-16,6517.180176
2018-09-17,6281.200195
2018-09-18,6371.299805
2018-09-19,6398.540039
2018-09-20,6519.669922
2018-09-21,6734.950195
2018-09-22,6721.97998
2018-09-23,6710.629883
2018-09-24,6595.410156
2018-09-25,6446.470215
2018-09-26,6495
2018-09-27,6676.75
2018-09-28,6644.129883
2018-09-29,6601.959961
2018-09-30,6625.560059
2018-10-01,6589.620117
2018-10-02,6556.100098
2018-10-03,6502.589844
2018-10-04,6576.689941
2018-10-05,6622.47998
2018-10-06,6588.310059
2018-10-07,6602.950195
2018-10-08,6652.22998
2018-10-09,6642.640137
2018-10-10,6585.529785
2018-10-11,6256.240234
2018-10-12,6274.580078
2018-10-13,6285.990234
2018-10-14,6290.930176
2018-10-15,6596.540039
2018-10-16,6596.109863
2018-10-17,6544.430176
2018-10-18,6476.709961
2018-10-19,6465.410156
2018-10-20,6489.189941
2018-10-21,6482.350098
2018-10-22,6487.160156
2018-10-23,6475.740234
2018-10-24,6495.839844
2018-10-25,6476.290039
2018-10-26,6474.75
2018-10-27,6480.379883
2018-10-28,6486.390137
2018-10-29,6332.629883
2018-10-30,6334.27002
2018-10-31,6317.609863
2018-11-01,6377.779785
2018-11-02,6388.439941
2018-11-03,6361.259766
2018-11-04,6376.129883
2018-11-05,6419.660156
2018-11-06,6461.009766
2018-11-07,6530.140137
2018-11-08,6453.720215
2018-11-09,6385.620117
2018-11-10,6409.220215
2018-11-11,6411.27002
2018-11-12,6371.27002
2018-11-13,6359.490234
2018-11-14,5738.350098
2018-11-15,5648.029785
2018-11-16,5575.549805
2018-11-17,5554.330078
2018-11-18,5623.540039
2018-11-19,4871.490234
2018-11-20,4451.870117
2018-11-21,4602.169922
2018-11-22,4365.939941
2018-11-23,4347.109863
2018-11-24,3880.76001
2018-11-25,4009.969971
2018-11-26,3779.129883
2018-11-27,3820.719971
2018-11-28,4257.419922
2018-11-29,4278.84668
2018-11-30,4017.268555
2018-12-01,4214.671875
2018-12-02,4139.87793
2018-12-03,3894.130859
2018-12-04,3956.893799
2018-12-05,3753.994873
2018-12-06,3521.101807
2018-12-07,3419.937256
2018-12-08,3476.114746
2018-12-09,3614.234375
2018-12-10,3502.656006
2018-12-11,3424.588135
2018-12-12,3486.950195
2018-12-13,3313.677246
2018-12-14,3242.484863
2018-12-15,3236.761719
2018-12-16,3252.839111
2018-12-17,3545.864746
2018-12-18,3696.059082
2018-12-19,3745.950684
2018-12-20,4134.441406
2018-12-21,3896.543701
2018-12-22,4014.182617
2018-12-23,3998.980225
2018-12-24,4078.599121
2018-12-25,3815.490723
2018-12-26,3857.297607
2018-12-27,3654.833496
2018-12-28,3923.918701
2018-12-29,3820.408691
2018-12-30,3865.952637
2018-12-31,3742.700439
2019-01-01,3843.52002
2019-01-02,3943.409424
2019-01-03,3836.741211
2019-01-04,3857.717529
2019-01-05,3845.19458
2019-01-06,4076.632568
2019-01-07,4025.248291
2019-01-08,4030.8479
2019-01-09,4035.296387
2019-01-10,3678.924561
2019-01-11,3687.365479
2019-01-12,3661.301025
2019-01-13,3552.953125
2019-01-14,3706.052246
2019-01-15,3630.675293
2019-01-16,3655.006836
2019-01-17,3678.563965
2019-01-18,3657.839355
2019-01-19,3728.568359
2019-01-20,3601.013672
2019-01-21,3576.032471
2019-01-22,3604.577148
2019-01-23,3585.123047
2019-01-24,3600.865479
2019-01-25,3599.765869
2019-01-26,3602.460449
2019-01-27,3583.96582
2019-01-28,3470.450439
2019-01-29,3448.116943
2019-01-30,3486.181641
2019-01-31,3457.792725
2019-02-01,3487.945313
2019-02-02,3521.060791
2019-02-03,3464.013428
2019-02-04,3459.154053
2019-02-05,3466.357422
2019-02-06,3413.767822
2019-02-07,3399.47168
2019-02-08,3666.780273
2019-02-09,3671.203613
2019-02-10,3690.188232
2019-02-11,3648.430664
2019-02-12,3653.528564
2019-02-13,3632.070557
2019-02-14,3616.880859
2019-02-15,3620.810791
2019-02-16,3629.787598
2019-02-17,3673.836182
2019-02-18,3915.714355
2019-02-19,3947.094482
2019-02-20,3999.820557
2019-02-21,3954.118164
2019-02-22,4005.526611
2019-02-23,4142.526855
2019-02-24,3810.42749
2019-02-25,3882.696289
2019-02-26,3854.35791
2019-02-27,3851.047363
2019-02-28,3854.7854
2019-03-01,3859.58374
2019-03-02,3864.415039
2019-03-03,3847.175781
2019-03-04,3761.557129
2019-03-05,3896.375
2019-03-06,3903.942627
2019-03-07,3911.484375
2019-03-08,3901.131592
2019-03-09,3963.313721
2019-03-10,3951.599854
2019-03-11,3905.227295
2019-03-12,3909.15625
2019-03-13,3906.717285
2019-03-14,3924.369141
2019-03-15,3960.911133
2019-03-16,4048.72583
2019-03-17,4025.229004
2019-03-18,4032.507324
2019-03-19,4071.190186
2019-03-20,4087.476318
2019-03-21,4029.326904
2019-03-22,4023.968262
2019-03-23,4035.826416
2019-03-24,4022.168213
2019-03-25,3963.070557
2019-03-26,3985.080811
2019-03-27,4087.066162
2019-03-28,4069.107178
2019-03-29,4098.374512
2019-03-30,4106.660156
2019-03-31,4105.404297
2019-04-01,4158.183105
2019-04-02,4879.87793
2019-04-03,4973.021973
2019-04-04,4922.798828
2019-04-05,5036.681152
2019-04-06,5059.817383
2019-04-07,5198.896973
2019-04-08,5289.770996
2019-04-09,5204.958496
2019-04-10,5324.551758
2019-04-11,5064.487793
2019-04-12,5089.539063
2019-04-13,5096.586426
2019-04-14,5167.722168
2019-04-15,5067.108398
2019-04-16,5235.55957
2019-04-17,5251.937988
2019-04-18,5298.385742
2019-04-19,5303.8125
2019-04-20,5337.88623
2019-04-21,5314.53125
2019-04-22,5399.365234
2019-04-23,5572.362305
2019-04-24,5464.866699
2019-04-25,5210.515625
2019-04-26,5279.348145
2019-04-27,5268.291016
2019-04-28,5285.13916
2019-04-29,5247.352539
2019-04-30,5350.726563
2019-05-01,5402.697266
2019-05-02,5505.283691
2019-05-03,5768.289551
2019-05-04,5831.16748
2019-05-05,5795.708496
2019-05-06,5746.807129
2019-05-07,5829.501465
2019-05-08,5982.45752
2019-05-09,6174.528809
2019-05-10,6378.849121
2019-05-11,7204.771484
2019-05-12,6972.371582
2019-05-13,7814.915039
2019-05-14,7994.416016
2019-05-15,8205.167969
2019-05-16,7884.90918
2019-05-17,7343.895508
2019-05-18,7271.208008
2019-05-19,8197.689453
2019-05-20,7978.309082
2019-05-21,7963.327637
2019-05-22,7680.066406
2019-05-23,7881.84668
2019-05-24,7987.371582
2019-05-25,8052.543945
2019-05-26,8673.21582
2019-05-27,8805.77832
2019-05-28,8719.961914
2019-05-29,8659.487305
2019-05-30,8319.472656
2019-05-31,8574.501953
2019-06-01,8564.016602
2019-06-02,8742.958008
2019-06-03,8208.995117
2019-06-04,7707.770996
2019-06-05,7824.231445
2019-06-06,7822.023438
2019-06-07,8043.951172
2019-06-08,7954.12793
2019-06-09,7688.077148
2019-06-10,8000.32959
2019-06-11,7927.714355
2019-06-12,8145.857422
2019-06-13,8230.923828
2019-06-14,8693.833008
2019-06-15,8838.375
2019-06-16,8994.488281
2019-06-17,9320.352539
2019-06-18,9081.762695
2019-06-19,9273.521484
2019-06-20,9527.160156
2019-06-21,10144.55664
2019-06-22,10701.69141
2019-06-23,10855.37109
2019-06-24,11011.10254
2019-06-25,11790.91699
2019-06-26,13016.23145
2019-06-27,11182.80664
2019-06-28,12407.33203
2019-06-29,11959.37109
2019-06-30,10817.15527
2019-07-01,10583.13477
2019-07-02,10801.67773
2019-07-03,11961.26953
2019-07-04,11215.4375
2019-07-05,10978.45996
2019-07-06,11208.55078
2019-07-07,11450.84668
2019-07-08,12285.95801
2019-07-09,12573.8125
2019-07-10,12156.5127
2019-07-11,11358.66211
2019-07-12,11815.98633
2019-07-13,11392.37891
2019-07-14,10256.05859
2019-07-15,10895.08984
2019-07-16,9477.641602
2019-07-17,9693.802734
2019-07-18,10666.48242
2019-07-19,10530.73242
2019-07-20,10767.13965
2019-07-21,10599.10547
2019-07-22,10343.10645
2019-07-23,9900.767578
2019-07-24,9811.925781
2019-07-25,9911.841797
2019-07-26,9870.303711
2019-07-27,9477.677734
2019-07-28,9552.860352
2019-07-29,9519.145508
2019-07-30,9607.423828
2019-07-31,10085.62793
2019-08-01,10399.66895
2019-08-02,10518.17481
2019-08-03,10821.72656
2019-08-04,10970.18457
2019-08-05,11805.65332
2019-08-06,11478.16895
2019-08-07,11941.96875
2019-08-08,11966.40723
2019-08-09,11862.93652
2019-08-10,11354.02441
2019-08-11,11523.5791
2019-08-12,11382.61621
2019-08-13,10895.83008
2019-08-14,10051.7041
2019-08-15,10311.5459
2019-08-16,10374.33887
2019-08-17,10231.74414
2019-08-18,10345.81055
2019-08-19,10916.05371
2019-08-20,10763.23242
2019-08-21,10138.04981
2019-08-22,10131.05566
2019-08-23,10407.96484
2019-08-24,10159.96094
2019-08-25,10138.51758
2019-08-26,10370.82031
2019-08-27,10185.5
2019-08-28,9754.422852
2019-08-29,9510.200195
2019-08-30,9598.173828
2019-08-31,9630.664063
2019-09-01,9757.970703
2019-09-02,10346.76074
2019-09-03,10623.54004
2019-09-04,10594.49316
2019-09-05,10575.5332
2019-09-06,10353.30273
2019-09-07,10517.25488
2019-09-08,10441.27637
2019-09-09,10334.97461
2019-09-10,10115.97559
2019-09-11,10178.37207
2019-09-12,10410.12695
2019-09-13,10360.54688
2019-09-14,10358.04883
2019-09-15,10347.71289
2019-09-16,10276.79395
2019-09-17,10241.27246
2019-09-18,10198.24805
2019-09-19,10266.41504
2019-09-20,10181.6416
2019-09-21,10019.7168
2019-09-22,10070.39258
2019-09-23,9729.324219
2019-09-24,8620.566406
2019-09-25,8486.993164
2019-09-26,8118.967773
2019-09-27,8251.845703
2019-09-28,8245.915039
2019-09-29,8104.185547
2019-09-30,8293.868164
2019-10-01,8343.276367
2019-10-02,8393.041992
2019-10-03,8259.992188
2019-10-04,8205.939453
2019-10-05,8151.500488
2019-10-06,7988.155762
2019-10-07,8245.623047
2019-10-08,8228.783203
2019-10-09,8595.740234
2019-10-10,8586.473633
2019-10-11,8321.756836
2019-10-12,8336.555664
2019-10-13,8321.005859
2019-10-14,8374.686523
2019-10-15,8205.369141
2019-10-16,8047.526855
2019-10-17,8103.911133
2019-10-18,7973.20752
2019-10-19,7988.560547
2019-10-20,8222.078125
2019-10-21,8243.720703
2019-10-22,8078.203125
2019-10-23,7514.671875
2019-10-24,7493.48877
2019-10-25,8660.700195
2019-10-26,9244.972656
2019-10-27,9551.714844
2019-10-28,9256.148438
2019-10-29,9427.6875
2019-10-30,9205.726563
2019-10-31,9199.584961
2019-11-01,9261.104492
2019-11-02,9324.717773
2019-11-03,9235.354492
2019-11-04,9412.612305
2019-11-05,9342.527344
2019-11-06,9360.879883
2019-11-07,9267.561523
2019-11-08,8804.880859
2019-11-09,8813.582031
2019-11-10,9055.526367
2019-11-11,8757.788086
2019-11-12,8815.662109
2019-11-13,8808.262695
2019-11-14,8708.094727
2019-11-15,8491.992188
2019-11-16,8550.760742
2019-11-17,8577.975586
2019-11-18,8309.286133
2019-11-19,8206.145508
2019-11-20,8027.268066
2019-11-21,7642.75
2019-11-22,7296.577637
2019-11-23,7397.796875
2019-11-24,7047.916992
2019-11-25,7146.133789
2019-11-26,7218.371094
2019-11-27,7531.663574
2019-11-28,7463.105957
2019-11-29,7761.243652
2019-11-30,7569.629883
2019-12-01,7424.29248
2019-12-02,7321.988281
2019-12-03,7320.145508
2019-12-04,7252.034668
2019-12-05,7448.307617
2019-12-06,7546.996582
2019-12-07,7556.237793
2019-12-08,7564.345215
2019-12-09,7400.899414
2019-12-10,7278.119629
2019-12-11,7217.427246
2019-12-12,7243.134277
2019-12-13,7269.68457
2019-12-14,7124.673828
2019-12-15,7152.301758
2019-12-16,6932.480469
2019-12-17,6640.515137
2019-12-18,7276.802734
2019-12-19,7202.844238
2019-12-20,7218.816406
2019-12-21,7191.158691
2019-12-22,7511.588867
2019-12-23,7355.628418
2019-12-24,7322.532227
2019-12-25,7275.155762
2019-12-26,7238.966797
2019-12-27,7290.088379
2019-12-28,7317.990234
2019-12-29,7422.652832
2019-12-30,7292.995117
2019-12-31,7193.599121
2020-01-01,7200.174316
2020-01-02,6985.470215
2020-01-03,7344.884277
2020-01-04,7410.656738
2020-01-05,7411.317383
2020-01-06,7769.219238
2020-01-07,8163.692383
2020-01-08,8079.862793
2020-01-09,7879.071289
2020-01-10,8166.554199
2020-01-11,8037.537598
2020-01-12,8192.494141
2020-01-13,8144.194336
2020-01-14,8827.764648
2020-01-15,8807.010742
2020-01-16,8723.786133
2020-01-17,8929.038086
2020-01-18,8942.808594
2020-01-19,8706.245117
2020-01-20,8657.642578
2020-01-21,8745.894531
2020-01-22,8680.875977
2020-01-23,8406.515625
2020-01-24,8445.43457
2020-01-25,8367.847656
2020-01-26,8596.830078
2020-01-27,8909.819336
2020-01-28,9358.589844
2020-01-29,9316.629883
2020-01-30,9508.993164
2020-01-31,9350.529297
2020-02-01,9392.875
2020-02-02,9344.365234
2020-02-03,9293.521484
2020-02-04,9180.962891
2020-02-05,9613.423828
2020-02-06,9729.801758
2020-02-07,9795.943359
2020-02-08,9865.119141
2020-02-09,10116.67383
2020-02-10,9856.611328
2020-02-11,10208.23633
2020-02-12,10326.05469
2020-02-13,10214.37988
2020-02-14,10312.11621
2020-02-15,9889.424805
2020-02-16,9934.433594
2020-02-17,9690.142578
2020-02-18,10141.99609
2020-02-19,9633.386719
2020-02-20,9608.475586
2020-02-21,9686.441406
2020-02-22,9663.181641
2020-02-23,9924.515625
2020-02-24,9650.174805
2020-02-25,9341.705078
2020-02-26,8820.522461
2020-02-27,8784.494141
2020-02-28,8672.455078
2020-02-29,8599.508789
2020-03-01,8562.454102
2020-03-02,8869.669922
2020-03-03,8787.786133
2020-03-04,8755.246094
2020-03-05,9078.762695
2020-03-06,9122.545898
2020-03-07,8909.954102
2020-03-08,8108.116211
2020-03-09,7923.644531
2020-03-10,7909.729492
2020-03-11,7911.430176
2020-03-12,4970.788086
2020-03-13,5563.707031
2020-03-14,5200.366211
2020-03-15,5392.314941
2020-03-16,5014.47998
2020-03-17,5225.629395
2020-03-18,5238.438477
2020-03-19,6191.192871
2020-03-20,6198.77832
2020-03-21,6185.066406
2020-03-22,5830.254883
2020-03-23,6416.314941
2020-03-24,6734.803711
2020-03-25,6681.062988
2020-03-26,6716.44043
2020-03-27,6469.79834
2020-03-28,6242.193848
2020-03-29,5922.042969
2020-03-30,6429.841797
2020-03-31,6438.644531
2020-04-01,6606.776367
2020-04-02,6793.624512
2020-04-03,6733.387207
2020-04-04,6867.527344
2020-04-05,6791.129395
2020-04-06,7271.78125
2020-04-07,7176.414551
2020-04-08,7334.098633
2020-04-09,7302.089355
2020-04-10,6865.493164
2020-04-11,6859.083008
2020-04-12,6971.091797
2020-04-13,6845.037598
2020-04-14,6842.427734
2020-04-15,6642.109863
2020-04-16,7116.804199
2020-04-17,7096.18457
2020-04-18,7257.665039
2020-04-19,7189.424805
2020-04-20,6881.958496
2020-04-21,6880.323242
2020-04-22,7117.20752
2020-04-23,7429.724609
2020-04-24,7550.900879
2020-04-25,7569.936035
2020-04-26,7679.867188
2020-04-27,7795.601074
2020-04-28,7807.058594
2020-04-29,8801.038086
2020-04-30,8658.553711
2020-05-01,8864.766602
2020-05-02,8988.59668
2020-05-03,8897.46875
2020-05-04,8912.654297
2020-05-05,9003.070313
2020-05-06,9268.761719
2020-05-07,9951.518555
2020-05-08,9842.666016
2020-05-09,9593.896484
2020-05-10,8756.430664
2020-05-11,8601.795898
2020-05-12,8804.477539
2020-05-13,9269.987305
2020-05-14,9733.72168
2020-05-15,9328.197266
2020-05-16,9377.013672
2020-05-17,9670.739258
2020-05-18,9726.575195
2020-05-19,9729.038086
2020-05-20,9522.981445
2020-05-21,9081.761719
2020-05-22,9182.577148
2020-05-23,9209.287109
2020-05-24,8790.368164
2020-05-25,8906.93457
2020-05-26,8835.052734
2020-05-27,9181.017578
2020-05-28,9525.750977
2020-05-29,9439.124023
2020-05-30,9700.414063
2020-05-31,9461.058594
2020-06-01,10167.26856
2020-06-02,9529.803711
2020-06-03,9656.717773
2020-06-04,9800.636719
2020-06-05,9665.533203
2020-06-06,9653.679688
2020-06-07,9758.852539
2020-06-08,9771.489258
2020-06-09,9795.700195
2020-06-10,9870.094727
2020-06-11,9321.78125
2020-06-12,9480.84375
2020-06-13,9475.277344
2020-06-14,9386.788086
2020-06-15,9450.702148
2020-06-16,9538.024414
2020-06-17,9480.254883
2020-06-18,9411.84082
2020-06-19,9288.018555
2020-06-20,9332.34082
2020-06-21,9303.629883
2020-06-22,9648.717773
2020-06-23,9629.658203
2020-06-24,9313.610352
2020-06-25,9264.813477
2020-06-26,9162.917969
2020-06-27,9045.390625
2020-06-28,9143.582031
2020-06-29,9190.854492
2020-06-30,9137.993164
2020-07-01,9228.325195
2020-07-02,9123.410156
2020-07-03,9087.303711
2020-07-04,9132.488281
2020-07-05,9073.942383
2020-07-06,9375.474609
2020-07-07,9252.277344
2020-07-08,9428.333008
2020-07-09,9277.967773
2020-07-10,9278.807617
2020-07-11,9240.34668
2020-07-12,9276.5
2020-07-13,9243.614258
2020-07-14,9243.213867
2020-07-15,9192.836914
2020-07-16,9132.227539
2020-07-17,9151.392578
2020-07-18,9159.040039
2020-07-19,9185.817383
2020-07-20,9164.231445
2020-07-21,9374.887695
2020-07-22,9525.363281
2020-07-23,9581.072266
2020-07-24,9536.892578
2020-07-25,9677.113281
2020-07-26,9905.166992
2020-07-27,10990.87305
2020-07-28,10912.82324
2020-07-29,11100.46777
2020-07-30,11111.21387
2020-07-31,11323.4668
2020-08-01,11759.59277
2020-08-02,11053.61426
2020-08-03,11246.34863
2020-08-04,11205.89258
2020-08-05,11747.02246
2020-08-06,11779.77344
2020-08-07,11601.47266
2020-08-08,11754.0459
2020-08-09,11675.73926
2020-08-10,11878.11133
2020-08-11,11410.52539
2020-08-12,11584.93457
2020-08-13,11784.1377
2020-08-14,11768.87109
2020-08-15,11865.69824
2020-08-16,11892.80371
2020-08-17,12254.40234
2020-08-18,11991.2334
2020-08-19,11758.2832
2020-08-20,11878.37207
2020-08-21,11592.48926
2020-08-22,11681.8252
2020-08-23,11664.84766
2020-08-24,11774.5957
2020-08-25,11366.13477
2020-08-26,11488.36328
2020-08-27,11323.39746
2020-08-28,11542.5
2020-08-29,11506.86523
2020-08-30,11711.50586
2020-08-31,11680.82031
2020-09-01,11970.47852
2020-09-02,11414.03418
2020-09-03,10245.29688
2020-09-04,10511.81348
2020-09-05,10169.56738
2020-09-06,10280.35156
2020-09-07,10369.56348
2020-09-08,10131.5166
2020-09-09,10242.34766
2020-09-10,10363.13867
2020-09-11,10400.91504
2020-09-12,10442.1709
2020-09-13,10323.75586
2020-09-14,10680.83789
2020-09-15,10796.95117
2020-09-16,10974.90527
2020-09-17,10948.99023
2020-09-18,10944.58594
2020-09-19,11094.34668
2020-09-20,10938.27148
2020-09-21,10462.25977
2020-09-22,10538.45996
2020-09-23,10246.18652
2020-09-24,10760.06641
2020-09-25,10692.7168
2020-09-26,10750.72363
2020-09-27,10775.26953
2020-09-28,10709.65234
2020-09-29,10844.64063
2020-09-30,10784.49121
2020-10-01,10619.45215
2020-10-02,10575.97461
2020-10-03,10549.3291
2020-10-04,10669.58301
2020-10-05,10793.33984
2020-10-06,10604.40625
2020-10-07,10668.96875
2020-10-08,10915.68555
2020-10-09,11064.45801
2020-10-10,11296.36133
2020-10-11,11384.18164
2020-10-12,11555.36328
2020-10-13,11425.89941
2020-10-14,11429.50684
2020-10-15,11495.34961
2020-10-16,11322.12305
2020-10-17,11358.10156
2020-10-18,11483.35938
2020-10-19,11742.03711
2020-10-20,11916.33496
2020-10-21,12823.68945
2020-10-22,12965.8916
2020-10-23,12931.53906
2020-10-24,13108.0625
2020-10-25,13031.17383
2020-10-26,13075.24805
2020-10-27,13654.21875
2020-10-28,13271.28516
2020-10-29,13437.88281
2020-10-30,13546.52246
2020-10-31,13780.99512
2020-11-01,13737.10938
2020-11-02,13550.48926
2020-11-03,13950.30078
2020-11-04,14133.70703
2020-11-05,15579.84863
2020-11-06,15565.88086
2020-11-07,14833.75391
2020-11-08,15479.56738
2020-11-09,15332.31543
2020-11-10,15290.90234
2020-11-11,15701.33984
2020-11-12,16276.34375
2020-11-13,16317.80859
2020-11-14,16068.13867
2020-11-15,15955.58789
2020-11-16,16716.11133
2020-11-17,17645.40625
2020-11-18,17804.00586
2020-11-19,17817.08984
2020-11-20,18621.31445
2020-11-21,18642.23242
2020-11-22,18370.00195
2020-11-23,18364.12109
2020-11-24,19107.46484
2020-11-25,18732.12109
2020-11-26,17150.62305
2020-11-27,17108.40234
2020-11-28,17717.41406
2020-11-29,18177.48438
2020-11-30,19625.83594
2020-12-01,18802.99805
2020-12-02,19201.0918
2020-12-03,19445.39844
2020-12-04,18699.76563
2020-12-05,19154.23047
2020-12-06,19345.12109
2020-12-07,19191.63086
2020-12-08,18321.14453
2020-12-09,18553.91602
2020-12-10,18264.99219
2020-12-11,18058.9043
2020-12-12,18803.65625
2020-12-13,19142.38281
2020-12-14,19246.64453
2020-12-15,19417.07617
2020-12-16,21310.59766
2020-12-17,22805.16211
2020-12-18,23137.96094
2020-12-19,23869.83203
2020-12-20,23477.29492
2020-12-21,22803.08203
2020-12-22,23783.0293
2020-12-23,23241.3457
2020-12-24,23735.94922
2020-12-25,24664.79102
2020-12-26,26437.03711
2020-12-27,26272.29492
2020-12-28,27084.80859
2020-12-29,27362.4375
2020-12-30,28840.95313
2020-12-31,29001.7207
2021-01-01,29374.15234
2021-01-02,32127.26758
2021-01-03,32782.02344
2021-01-04,31971.91406
2021-01-05,33992.42969
2021-01-06,36824.36328
2021-01-07,39371.04297
2021-01-08,40797.60938
2021-01-09,40254.54688
2021-01-10,38356.44141
2021-01-11,35566.65625
2021-01-12,33922.96094
2021-01-13,37316.35938
2021-01-14,39187.32813
2021-01-15,36825.36719
2021-01-16,36178.14063
2021-01-17,35791.27734
2021-01-18,36630.07422
2021-01-19,36069.80469
2021-01-20,35547.75
2021-01-21,30825.69922
2021-01-22,33005.76172
2021-01-23,32067.64258
2021-01-24,32289.37891
2021-01-25,32366.39258
2021-01-26,32569.84961
2021-01-27,30432.54688
2021-01-28,33466.09766
2021-01-29,34316.38672
2021-01-30,34269.52344
2021-01-31,33114.35938
2021-02-01,33537.17578
2021-02-02,35510.28906
2021-02-03,37472.08984
2021-02-04,36926.06641
2021-02-05,38144.30859
2021-02-06,39266.01172
2021-02-07,38903.44141
2021-02-08,46196.46484
2021-02-09,46481.10547
2021-02-10,44918.18359
2021-02-11,47909.33203
2021-02-12,47504.85156
2021-02-13,47105.51563
2021-02-14,48717.28906
2021-02-15,47945.05859
2021-02-16,49199.87109
2021-02-17,52149.00781
2021-02-18,51679.79688
2021-02-19,55888.13281
2021-02-20,56099.51953
2021-02-21,57539.94531
2021-02-22,54207.32031
2021-02-23,48824.42578
2021-02-24,49705.33203
2021-02-25,47093.85156
2021-02-26,46339.76172
2021-02-27,46188.45313
2021-02-28,45137.76953
2021-03-01,49631.24219
2021-03-02,48378.98828
2021-03-03,50538.24219
2021-03-04,48561.16797
2021-03-05,48927.30469
2021-03-06,48912.38281
2021-03-07,51206.69141
2021-03-08,52246.52344
2021-03-09,54824.11719
2021-03-10,56008.55078
2021-03-11,57805.12109
2021-03-12,57332.08984
2021-03-13,61243.08594
2021-03-14,59302.31641
2021-03-15,55907.19922
2021-03-16,56804.90234
2021-03-17,58870.89453
2021-03-18,57858.92188
2021-03-19,58346.65234
2021-03-20,58313.64453
2021-03-21,57523.42188
2021-03-22,54529.14453
2021-03-23,54738.94531
2021-03-24,52774.26563
2021-03-25,51704.16016
2021-03-26,55137.3125
2021-03-27,55973.51172
2021-03-28,55950.74609
2021-03-29,57750.19922
2021-03-30,58917.69141
2021-03-31,58918.83203
2021-04-01,59095.80859
2021-04-02,59384.3125
2021-04-03,57603.89063
2021-04-04,58758.55469
2021-04-05,59057.87891
2021-04-06,58192.35938
2021-04-07,56048.9375
2021-04-08,58323.95313
2021-04-09,58245.00391
2021-04-10,59793.23438
2021-04-11,60204.96484
2021-04-12,59893.45313
2021-04-13,63503.45703
2021-04-14,63109.69531
2021-04-15,63314.01172
2021-04-16,61572.78906
2021-04-17,60683.82031
2021-04-18,56216.18359
2021-04-19,55724.26563
2021-04-20,56473.03125
2021-04-21,53906.08984
2021-04-22,51762.27344
2021-04-23,51093.65234
2021-04-24,50050.86719
2021-04-25,49004.25391
2021-04-26,54021.75391
2021-04-27,55033.11719
2021-04-28,54824.70313
2021-04-29,53555.10938
2021-04-30,57750.17578
2021-05-01,57828.05078
2021-05-02,56631.07813
2021-05-03,57200.29297
2021-05-04,53333.53906
2021-05-05,57424.00781
2021-05-06,56396.51563
2021-05-07,57356.40234
2021-05-08,58803.77734
2021-05-09,58232.31641
2021-05-10,55859.79688
2021-05-11,56704.57422
2021-05-12,49150.53516
2021-05-13,49716.19141
2021-05-14,49880.53516
2021-05-15,46760.1875
2021-05-16,46456.05859
2021-05-17,43537.51172
2021-05-18,42909.40234
2021-05-19,37002.44141
2021-05-20,40782.73828
2021-05-21,37304.69141
2021-05-22,37536.63281
2021-05-23,34770.58203
2021-05-24,38705.98047
2021-05-25,38402.22266
2021-05-26,39294.19922
2021-05-27,38436.96875
2021-05-28,35697.60547
2021-05-29,34616.06641
2021-05-30,35678.12891
2021-05-31,37332.85547
2021-06-01,36684.92578
2021-06-02,37575.17969
2021-06-03,39208.76563
2021-06-04,36894.40625
2021-06-05,35551.95703
2021-06-06,35862.37891
2021-06-07,33560.70703
2021-06-08,33472.63281
2021-06-09,37345.12109
2021-06-10,36702.59766
2021-06-11,37334.39844
2021-06-12,35552.51563
2021-06-13,39097.85938
2021-06-14,40218.47656
2021-06-15,40406.26953
2021-06-16,38347.0625
2021-06-17,38053.50391
2021-06-18,35787.24609
2021-06-19,35615.87109
2021-06-20,35698.29688
2021-06-21,31676.69336
2021-06-22,32505.66016
2021-06-23,33723.02734
2021-06-24,34662.4375
2021-06-25,31637.7793
2021-06-26,32186.27734
2021-06-27,34649.64453
2021-06-28,34434.33594
2021-06-29,35867.77734
2021-06-30,35040.83594
2021-07-01,33572.11719
2021-07-02,33897.04688
2021-07-03,34668.54688
2021-07-04,35287.78125
2021-07-05,33746.00391
2021-07-06,34235.19531
2021-07-07,33855.32813
2021-07-08,32877.37109
2021-07-09,33798.01172
2021-07-10,33520.51953
2021-07-11,34240.1875
2021-07-12,33155.84766
2021-07-13,32702.02539
2021-07-14,32822.34766
2021-07-15,31780.73047
2021-07-16,31421.53906
2021-07-17,31533.06836
2021-07-18,31796.81055
2021-07-19,30817.83203
2021-07-20,29807.34766
2021-07-21,32110.69336
2021-07-22,32313.10547
2021-07-23,33581.55078
2021-07-24,34292.44531
2021-07-25,35350.1875
2021-07-26,37337.53516
2021-07-27,39406.94141
2021-07-28,39995.90625
2021-07-29,40008.42188
2021-07-30,42235.54688
2021-07-31,41626.19531
2021-08-01,39974.89453
2021-08-02,39201.94531
2021-08-03,38152.98047
2021-08-04,39747.50391
2021-08-05,40869.55469
2021-08-06,42816.5
2021-08-07,44555.80078
2021-08-08,43798.11719
2021-08-09,46365.40234
2021-08-10,45585.03125
2021-08-11,45593.63672
2021-08-12,44428.28906
2021-08-13,47793.32031
2021-08-14,47096.94531
2021-08-15,47047.00391
2021-08-16,46004.48438
2021-08-17,44695.35938
2021-08-18,44801.1875
2021-08-19,46717.57813
2021-08-20,49339.17578
2021-08-21,48905.49219
2021-08-22,49321.65234
2021-08-23,49546.14844
2021-08-24,47706.11719
2021-08-25,48960.78906
2021-08-26,46942.21875
2021-08-27,49058.66797
2021-08-28,48902.40234
2021-08-29,48829.83203
2021-08-30,47054.98438
2021-08-31,47166.6875
2021-09-01,48847.02734
2021-09-02,49327.72266
2021-09-03,50025.375
2021-09-04,49944.625
2021-09-05,51753.41016
2021-09-06,52633.53516
2021-09-07,46811.12891
2021-09-08,46091.39063
2021-09-09,46391.42188
2021-09-10,44883.91016
2021-09-11,45201.45703
2021-09-12,46063.26953
2021-09-13,44963.07422
2021-09-14,47092.49219
2021-09-15,48176.34766
2021-09-16,47783.35938
2021-09-17,47267.51953
2021-09-18,48278.36328
2021-09-19,47260.21875
2021-09-20,42843.80078
2021-09-21,40693.67578
2021-09-22,43574.50781
2021-09-23,44895.09766
2021-09-24,42839.75
2021-09-25,42716.59375
2021-09-26,43208.53906
2021-09-27,42235.73047
2021-09-28,41034.54297
2021-09-29,41564.36328
2021-09-30,43790.89453
2021-10-01,48116.94141
2021-10-02,47711.48828
2021-10-03,48199.95313
2021-10-04,49112.90234
2021-10-05,51514.8125
2021-10-06,55361.44922
2021-10-07,53805.98438
2021-10-08,53967.84766
2021-10-09,54968.22266
2021-10-10,54771.57813
2021-10-11,57484.78906
2021-10-12,56041.05859
2021-10-13,57401.09766
2021-10-14,57321.52344
2021-10-15,61593.94922
2021-10-16,60892.17969
2021-10-17,61553.61719
2021-10-18,62026.07813
2021-10-19,64261.99219
2021-10-20,65992.83594
2021-10-21,62210.17188
2021-10-22,60692.26563
2021-10-23,61393.61719
2021-10-24,60930.83594
2021-10-25,63039.82422
2021-10-26,60363.79297
2021-10-27,58482.38672
2021-10-28,60622.13672
2021-10-29,62227.96484
2021-10-30,61888.83203
2021-10-31,61318.95703
2021-11-01,61004.40625
2021-11-02,63226.40234
2021-11-03,62970.04688
2021-11-04,61452.23047
2021-11-05,61125.67578
2021-11-06,61527.48047
2021-11-07,63326.98828
2021-11-08,67566.82813
2021-11-09,66971.82813
2021-11-10,64995.23047
2021-11-11,64949.96094
2021-11-12,64155.94141
2021-11-13,64469.52734
2021-11-14,65466.83984
2021-11-15,63557.87109
2021-11-16,60161.24609
2021-11-17,60368.01172
2021-11-18,56942.13672
2021-11-19,58119.57813
2021-11-20,59697.19531
2021-11-21,58730.47656
2021-11-22,56289.28906
2021-11-23,57569.07422
2021-11-24,56280.42578
2021-11-25,57274.67969
2021-11-26,53569.76563
2021-11-27,54815.07813
2021-11-28,57248.45703
2021-11-29,57806.56641
2021-11-30,57005.42578
2021-12-01,57229.82813
2021-12-02,56477.81641
2021-12-03,53598.24609
2021-12-04,49200.70313
2021-12-05,49368.84766
2021-12-06,50582.625
2021-12-07,50700.08594
2021-12-08,50504.79688
2021-12-09,47672.12109
2021-12-10,47243.30469
2021-12-11,49362.50781
2021-12-12,50098.33594
2021-12-13,46737.48047
2021-12-14,46612.63281
2021-12-15,48896.72266
2021-12-16,47665.42578
2021-12-17,46202.14453
2021-12-18,46848.77734
2021-12-19,46707.01563
2021-12-20,46880.27734
2021-12-21,48936.61328
2021-12-22,48628.51172
2021-12-23,50784.53906
2021-12-24,50822.19531
2021-12-25,50429.85938
2021-12-26,50809.51563
2021-12-27,50640.41797
2021-12-28,47588.85547
2021-12-29,46444.71094
2021-12-30,47178.125
2021-12-31,46306.44531
2022-01-01,47686.8125
2022-01-02,47345.21875
2022-01-03,46458.11719
2022-01-04,45897.57422
2022-01-05,46612.69141
