Date,SEK
2021-12-29,9.0828
2021-12-28,9.0521
2021-12-27,9.1009
2021-12-24,9.1264
2021-12-23,9.0872
2021-12-22,9.0826
2021-12-21,9.1335
2021-12-20,9.1454
2021-12-17,9.13
2021-12-16,9.0369
2021-12-15,9.0838
2021-12-14,9.1415
2021-12-13,9.0946
2021-12-10,9.0542
2021-12-09,9.062
2021-12-08,9.0404
2021-12-07,9.1022
2021-12-06,9.0961
2021-12-03,9.1437
2021-12-02,9.0526
2021-12-01,9.0822
2021-11-30,9.0235
2021-11-29,9.0697
2021-11-26,9.1625
2021-11-25,9.0872
2021-11-24,9.1297
2021-11-23,9.0447
2021-11-22,9.0008
2021-11-19,8.9499
2021-11-18,8.8656
2021-11-17,8.8642
2021-11-16,8.8909
2021-11-15,8.8017
2021-11-12,8.7611
2021-11-11,8.7121
2021-11-10,8.7039
2021-11-09,8.5749
2021-11-08,8.5765
2021-11-05,8.5711
2021-11-04,8.59
2021-11-03,8.5383
2021-11-02,8.5747
2021-11-01,8.5196
2021-10-29,8.5922
2021-10-28,8.5169
2021-10-27,8.585
2021-10-26,8.6146
2021-10-25,8.6082
2021-10-22,8.5748
2021-10-21,8.6032
2021-10-20,8.5896
2021-10-19,8.6222
2021-10-18,8.6571
2021-10-15,8.617
2021-10-14,8.635
2021-10-13,8.6904
2021-10-12,8.7884
2021-10-11,8.7708
2021-10-08,8.7415
2021-10-07,8.7879
2021-10-06,8.8025
2021-10-05,8.7418
2021-10-04,8.7278
2021-10-01,8.7469
2021-09-30,8.762
2021-09-29,8.8084
2021-09-28,8.7343
2021-09-27,8.7067
2021-09-24,8.6498
2021-09-23,8.6311
2021-09-22,8.7
2021-09-21,8.6921
2021-09-20,8.6757
2021-09-17,8.6831
2021-09-16,8.6217
2021-09-15,8.5807
2021-09-14,8.6081
2021-09-13,8.6039
2021-09-10,8.6327
2021-09-09,8.6091
2021-09-08,8.6307
2021-09-07,8.5942
2021-09-06,8.5647
2021-09-03,8.5435
2021-09-02,8.5704
2021-09-01,8.6126
2021-08-31,8.6238
2021-08-30,8.6264
2021-08-27,8.6406
2021-08-26,8.7079
2021-08-25,8.683
2021-08-24,8.693
2021-08-23,8.7144
2021-08-20,8.8017
2021-08-19,8.8027
2021-08-18,8.7301
2021-08-17,8.7574
2021-08-16,8.6529
2021-08-13,8.6425
2021-08-12,8.6908
2021-08-11,8.6844
2021-08-10,8.7174
2021-08-09,8.711
2021-08-06,8.6665
2021-08-05,8.6137
2021-08-04,8.6111
2021-08-03,8.5999
2021-08-02,8.5986
2021-07-30,8.5915
2021-07-29,8.5572
2021-07-28,8.5991
2021-07-27,8.6311
2021-07-26,8.6305
2021-07-23,8.6892
2021-07-22,8.6808
2021-07-21,8.6897
2021-07-20,8.701
2021-07-19,8.6865
2021-07-16,8.6815
2021-07-15,8.6649
2021-07-14,8.6166
2021-07-13,8.6572
2021-07-12,8.5887
2021-07-09,8.5712
2021-07-08,8.5971
2021-07-07,8.6234
2021-07-06,8.5939
2021-07-05,8.555
2021-07-02,8.5433
2021-07-01,8.5755
2021-06-30,8.5509
2021-06-29,8.5293
2021-06-28,8.5137
2021-06-25,8.4916
2021-06-24,8.4694
2021-06-23,8.4908
2021-06-22,8.4776
2021-06-21,8.5299
2021-06-18,8.6115
2021-06-17,8.5529
2021-06-16,8.4588
2021-06-15,8.3277
2021-06-14,8.3244
2021-06-11,8.3193
2021-06-10,8.2538
2021-06-09,8.2609
2021-06-08,8.2696
2021-06-07,8.2637
2021-06-04,8.2726
2021-06-03,8.3432
2021-06-02,8.2659
2021-06-01,8.2736
2021-05-31,8.2977
2021-05-28,8.3052
2021-05-27,8.272
2021-05-26,8.3142
2021-05-25,8.2594
2021-05-24,8.3156
2021-05-21,8.3226
2021-05-20,8.3019
2021-05-19,8.3488
2021-05-18,8.2833
2021-05-17,8.3307
2021-05-14,8.3332
2021-05-13,8.4021
2021-05-12,8.4298
2021-05-11,8.3175
2021-05-10,8.3456
2021-05-07,8.3087
2021-05-06,8.4257
2021-05-05,8.4862
2021-05-04,8.4816
2021-05-03,8.4214
2021-04-30,8.4648
2021-04-29,8.3701
2021-04-28,8.3399
2021-04-27,8.3757
2021-04-26,8.3803
2021-04-23,8.3855
2021-04-22,8.4317
2021-04-21,8.4087
2021-04-20,8.4343
2021-04-19,8.3988
2021-04-16,8.4351
2021-04-15,8.4543
2021-04-14,8.4656
2021-04-13,8.5104
2021-04-12,8.574
2021-04-09,8.5386
2021-04-08,8.5411
2021-04-07,8.6266
2021-04-06,8.6145
2021-04-05,8.7017
2021-04-02,8.7267
2021-04-01,8.7139
2021-03-31,8.7301
2021-03-30,8.7368
2021-03-29,8.6979
2021-03-26,8.6386
2021-03-25,8.6542
2021-03-24,8.6125
2021-03-23,8.5931
2021-03-22,8.5108
2021-03-19,8.5421
2021-03-18,8.5185
2021-03-17,8.4526
2021-03-16,8.4975
2021-03-15,8.5142
2021-03-12,8.4818
2021-03-11,8.4471
2021-03-10,8.4787
2021-03-09,8.5001
2021-03-08,8.5847
2021-03-05,8.5368
2021-03-04,8.4925
2021-03-03,8.4226
2021-03-02,8.3799
2021-03-01,8.4258
2021-02-26,8.4372
2021-02-25,8.2906
2021-02-24,8.2755
2021-02-23,8.2816
2021-02-22,8.2642
2021-02-19,8.2752
2021-02-18,8.3115
2021-02-17,8.3288
2021-02-16,8.2932
2021-02-15,8.2819
2021-02-12,8.3019
2021-02-11,8.3234
2021-02-10,8.3203
2021-02-09,8.323
2021-02-08,8.3888
2021-02-05,8.3712
2021-02-04,8.4646
2021-02-03,8.4036
2021-02-02,8.3974
2021-02-01,8.4276
2021-01-29,8.3656
2021-01-28,8.336
2021-01-27,8.3592
2021-01-26,8.3
2021-01-25,8.2825
2021-01-22,8.298
2021-01-21,8.2719
2021-01-20,8.353
2021-01-19,8.3494
2021-01-18,8.3915
2021-01-15,8.3983
2021-01-14,8.3086
2021-01-13,8.3477
2021-01-12,8.245
2021-01-11,8.3054
2021-01-08,8.2414
2021-01-07,8.1881
2021-01-06,8.1665
2021-01-05,8.1797
2021-01-04,8.2545
2021-01-01,8.2162
2020-12-31,8.2273
2020-12-30,8.1973
2020-12-29,8.2044
2020-12-28,8.2759
2020-12-25,8.2838
2020-12-24,8.2591
2020-12-23,8.2914
2020-12-22,8.3428
2020-12-21,8.2471
2020-12-18,8.2531
2020-12-17,8.2745
2020-12-16,8.3531
2020-12-15,8.383
2020-12-14,8.4044
2020-12-11,8.4583
2020-12-10,8.4438
2020-12-09,8.4855
2020-12-08,8.4737
2020-12-07,8.401
2020-12-04,8.4562
2020-12-03,8.4506
2020-12-02,8.4679
2020-12-01,8.4781
2020-11-30,8.5736
2020-11-27,8.4992
2020-11-26,8.5251
2020-11-25,8.4966
2020-11-24,8.5482
2020-11-23,8.6283
2020-11-20,8.6212
2020-11-19,8.597
2020-11-18,8.6009
2020-11-17,8.6298
2020-11-16,8.6187
2020-11-13,8.6914
2020-11-12,8.649
2020-11-11,8.6348
2020-11-10,8.6176
2020-11-09,8.6292
2020-11-06,8.6409
2020-11-05,8.6942
2020-11-04,8.785
2020-11-03,8.8306
2020-11-02,8.9067
2020-10-30,8.8977
2020-10-29,8.93
2020-10-28,8.8482
2020-10-27,8.7249
2020-10-26,8.7452
2020-10-23,8.7474
2020-10-22,8.7663
2020-10-21,8.7268
2020-10-20,8.748
2020-10-19,8.8292
2020-10-16,8.8485
2020-10-15,8.8746
2020-10-14,8.8222
2020-10-13,8.8309
2020-10-12,8.8095
2020-10-09,8.7821
2020-10-08,8.8635
2020-10-07,8.8858
2020-10-06,8.9605
2020-10-05,8.9001
2020-10-02,8.9357
2020-10-01,8.9138
2020-09-30,8.9571
2020-09-29,8.9671
2020-09-28,9.0427
2020-09-25,9.1283
2020-09-24,9.0996
2020-09-23,9.0108
2020-09-22,8.9114
2020-09-21,8.8468
2020-09-18,8.7658
2020-09-17,8.7734
2020-09-16,8.8057
2020-09-15,8.7929
2020-09-14,8.7688
2020-09-11,8.7761
2020-09-10,8.776
2020-09-09,8.7465
2020-09-08,8.831
2020-09-07,8.7704
2020-09-04,8.7414
2020-09-03,8.7366
2020-09-02,8.7175
2020-09-01,8.6848
2020-08-31,8.6454
2020-08-28,8.6247
2020-08-27,8.7248
2020-08-26,8.7188
2020-08-25,8.7549
2020-08-24,8.7927
2020-08-21,8.7955
2020-08-20,8.7091
2020-08-19,8.7051
2020-08-18,8.6476
2020-08-17,8.6901
2020-08-14,8.6908
2020-08-13,8.6886
2020-08-12,8.6927
2020-08-11,8.7587
2020-08-10,8.7592
2020-08-07,8.7517
2020-08-06,8.6882
2020-08-05,8.6794
2020-08-04,8.7193
2020-08-03,8.7486
2020-07-31,8.7795
2020-07-30,8.7095
2020-07-29,8.7219
2020-07-28,8.7735
2020-07-27,8.7336
2020-07-24,8.8387
2020-07-23,8.8628
2020-07-22,8.8643
2020-07-21,8.8773
2020-07-20,8.9727
2020-07-17,9.0343
2020-07-16,9.0827
2020-07-15,9.0693
2020-07-14,9.1041
2020-07-13,9.1987
2020-07-10,9.1991
2020-07-09,9.2369
2020-07-08,9.2011
2020-07-07,9.2641
2020-07-06,9.2508
2020-07-03,9.315
2020-07-02,9.3161
2020-07-01,9.3079
2020-06-30,9.3211
2020-06-29,9.3297
2020-06-26,9.3366
2020-06-25,9.3137
2020-06-24,9.3646
2020-06-23,9.2858
2020-06-22,9.3731
2020-06-19,9.4738
2020-06-18,9.4287
2020-06-17,9.3422
2020-06-16,9.3711
2020-06-15,9.2817
2020-06-12,9.3327
2020-06-11,9.3224
2020-06-10,9.1805
2020-06-09,9.1916
2020-06-08,9.2008
2020-06-05,9.2094
2020-06-04,9.1938
2020-06-03,9.2841
2020-06-02,9.3305
2020-06-01,9.3648
2020-05-29,9.432
2020-05-28,9.5167
2020-05-27,9.6183
2020-05-26,9.6186
2020-05-25,9.6722
2020-05-22,9.6721
2020-05-21,9.6177
2020-05-20,9.5891
2020-05-19,9.6844
2020-05-18,9.7058
2020-05-15,9.8652
2020-05-14,9.8034
2020-05-13,9.8131
2020-05-12,9.7799
2020-05-11,9.8776
2020-05-08,9.7697
2020-05-07,9.8106
2020-05-06,9.847
2020-05-05,9.8418
2020-05-04,9.8529
2020-05-01,9.8482
2020-04-30,9.7579
2020-04-29,9.8465
2020-04-28,9.8995
2020-04-27,10.0154
2020-04-24,10.0438
2020-04-23,10.0666
2020-04-22,10.0948
2020-04-21,10.0979
2020-04-20,10.0234
2020-04-17,9.9844
2020-04-16,10.031
2020-04-15,10.0324
2020-04-14,9.9509
2020-04-13,10.0117
2020-04-10,9.9407
2020-04-09,9.9497
2020-04-08,10.0758
2020-04-07,10.0478
2020-04-06,10.1258
2020-04-03,10.1947
2020-04-02,10.0999
2020-04-01,10.0119
2020-03-31,9.9052
2020-03-30,10.0339
2020-03-27,9.8893
2020-03-26,9.9755
2020-03-25,10.1127
2020-03-24,10.1377
2020-03-23,10.3491
2020-03-20,10.3899
2020-03-19,10.4167
2020-03-18,10.2647
2020-03-17,9.8833
2020-03-16,9.7717
2020-03-13,9.7097
2020-03-12,9.7546
2020-03-11,9.5219
2020-03-10,9.5206
2020-03-09,9.4345
2020-03-06,9.3993
2020-03-05,9.4335
2020-03-04,9.4782
2020-03-03,9.4738
2020-03-02,9.5383
2020-02-28,9.605
2020-02-27,9.6586
2020-02-26,9.735
2020-02-25,9.7152
2020-02-24,9.7334
2020-02-21,9.7178
2020-02-20,9.8155
2020-02-19,9.7864
2020-02-18,9.7861
2020-02-17,9.69
2020-02-14,9.7231
2020-02-13,9.6737
2020-02-12,9.634
2020-02-11,9.6379
2020-02-10,9.6618
2020-02-07,9.659
2020-02-06,9.623
2020-02-05,9.5881
2020-02-04,9.589
2020-02-03,9.6492
2020-01-31,9.6248
2020-01-30,9.6358
2020-01-29,9.6199
2020-01-28,9.6088
2020-01-27,9.6239
2020-01-24,9.5684
2020-01-23,9.5324
2020-01-22,9.5058
2020-01-21,9.5256
2020-01-20,9.5184
2020-01-17,9.5178
2020-01-16,9.4888
2020-01-15,9.4645
2020-01-14,9.4634
2020-01-13,9.466
2020-01-10,9.5009
2020-01-09,9.4916
2020-01-08,9.4608
2020-01-07,9.4548
2020-01-06,9.4015
2020-01-03,9.3994
2020-01-02,9.3633
2020-01-01,9.3648
2019-12-31,9.365
2019-12-30,9.3488
2019-12-27,9.3366
2019-12-26,9.4125
2019-12-25,9.4277
2019-12-24,9.423
2019-12-23,9.4313
2019-12-20,9.4034
2019-12-19,9.4113
2019-12-18,9.4229
2019-12-17,9.3807
2019-12-16,9.3619
2019-12-13,9.3981
2019-12-12,9.3948
2019-12-11,9.4005
2019-12-10,9.4988
2019-12-09,9.5344
2019-12-06,9.4988
2019-12-05,9.4892
2019-12-04,9.5128
2019-12-03,9.5308
2019-12-02,9.5417
2019-11-29,9.575
2019-11-28,9.5587
2019-11-27,9.5803
2019-11-26,9.5898
2019-11-25,9.6377
2019-11-22,9.6341
2019-11-21,9.6261
2019-11-20,9.6325
2019-11-19,9.6314
2019-11-18,9.6349
2019-11-15,9.6461
2019-11-14,9.682
2019-11-13,9.7309
2019-11-12,9.7206
2019-11-11,9.6967
2019-11-08,9.7003
2019-11-07,9.6272
2019-11-06,9.6252
2019-11-05,9.6525
2019-11-04,9.6225
2019-11-01,9.5609
2019-10-31,9.652
2019-10-30,9.6581
2019-10-29,9.7008
2019-10-28,9.7042
2019-10-25,9.6841
2019-10-24,9.6569
2019-10-23,9.6402
2019-10-22,9.6501
2019-10-21,9.6416
2019-10-18,9.6509
2019-10-17,9.7133
2019-10-16,9.7772
2019-10-15,9.8106
2019-10-14,9.8204
2019-10-11,9.8031
2019-10-10,9.8421
2019-10-09,9.9582
2019-10-08,9.9467
2019-10-07,9.9163
2019-10-04,9.84
2019-10-03,9.8645
2019-10-02,9.8722
2019-10-01,9.8784
2019-09-30,9.8403
2019-09-27,9.7943
2019-09-26,9.7655
2019-09-25,9.7552
2019-09-24,9.6668
2019-09-23,9.7125
2019-09-20,9.7158
2019-09-19,9.6974
2019-09-18,9.7272
2019-09-17,9.6708
2019-09-16,9.665
2019-09-13,9.6097
2019-09-12,9.6232
2019-09-11,9.6736
2019-09-10,9.6839
2019-09-09,9.6581
2019-09-06,9.6462
2019-09-05,9.6887
2019-09-04,9.7424
2019-09-03,9.8211
2019-09-02,9.8292
2019-08-30,9.8404
2019-08-29,9.7764
2019-08-28,9.7247
2019-08-27,9.6709
2019-08-26,9.674
2019-08-23,9.5912
2019-08-22,9.6767
2019-08-21,9.6258
2019-08-20,9.6934
2019-08-19,9.6872
2019-08-16,9.6648
2019-08-15,9.6436
2019-08-14,9.6338
2019-08-13,9.541
2019-08-12,9.5624
2019-08-09,9.5443
2019-08-08,9.5998
2019-08-07,9.6192
2019-08-06,9.5868
2019-08-05,9.605
2019-08-02,9.6404
2019-08-01,9.6541
2019-07-31,9.6652
2019-07-30,9.5663
2019-07-29,9.4874
2019-07-26,9.5023
2019-07-25,9.4525
2019-07-24,9.427
2019-07-23,9.4631
2019-07-22,9.4127
2019-07-19,9.3828
2019-07-18,9.3052
2019-07-17,9.3668
2019-07-16,9.3901
2019-07-15,9.3568
2019-07-12,9.368
2019-07-11,9.3813
2019-07-10,9.4206
2019-07-09,9.4746
2019-07-08,9.4598
2019-07-05,9.4432
2019-07-04,9.3273
2019-07-03,9.3123
2019-07-02,9.331
2019-07-01,9.3588
2019-06-28,9.2845
2019-06-27,9.2787
2019-06-26,9.2605
2019-06-25,9.2794
2019-06-24,9.279
2019-06-21,9.3523
2019-06-20,9.4163
2019-06-19,9.4891
2019-06-18,9.535
2019-06-17,9.48
2019-06-14,9.4905
2019-06-13,9.4831
2019-06-12,9.4749
2019-06-11,9.4452
2019-06-10,9.4183
2019-06-07,9.399
2019-06-06,9.4193
2019-06-05,9.4431
2019-06-04,9.4358
2019-06-03,9.4458
2019-05-31,9.4961
2019-05-30,9.5399
2019-05-29,9.5587
2019-05-28,9.599
2019-05-27,9.5812
2019-05-24,9.5414
2019-05-23,9.6168
2019-05-22,9.633
2019-05-21,9.6569
2019-05-20,9.6597
2019-05-17,9.6417
2019-05-16,9.6373
2019-05-15,9.6001
2019-05-14,9.6029
2019-05-13,9.6401
2019-05-10,9.6118
2019-05-09,9.6534
2019-05-08,9.6174
2019-05-07,9.5947
2019-05-06,9.5701
2019-05-03,9.5435
2019-05-02,9.5774
2019-05-01,9.542
2019-04-30,9.4883
2019-04-29,9.5107
2019-04-26,9.4965
2019-04-25,9.5394
2019-04-24,9.4343
2019-04-23,9.3504
2019-04-22,9.3066
2019-04-19,9.3015
2019-04-18,9.3106
2019-04-17,9.2487
2019-04-16,9.2581
2019-04-15,9.2683
2019-04-12,9.2702
2019-04-11,9.2891
2019-04-10,9.2628
2019-04-09,9.2588
2019-04-08,9.2611
2019-04-05,9.303
2019-04-04,9.2852
2019-04-03,9.2695
2019-04-02,9.3279
2019-04-01,9.2812
2019-03-29,9.2917
2019-03-28,9.2941
2019-03-27,9.2784
2019-03-26,9.2447
2019-03-25,9.2399
2019-03-22,9.2796
2019-03-21,9.1734
2019-03-20,9.1383
2019-03-19,9.2063
2019-03-18,9.2293
2019-03-15,9.2297
2019-03-14,9.3051
2019-03-13,9.2906
2019-03-12,9.3641
2019-03-11,9.3982
2019-03-08,9.4342
2019-03-07,9.4556
2019-03-06,9.3017
2019-03-05,9.3098
2019-03-04,9.3379
2019-03-01,9.269
2019-02-28,9.2386
2019-02-27,9.2717
2019-02-26,9.2826
2019-02-25,9.3095
2019-02-22,9.3457
2019-02-21,9.3632
2019-02-20,9.3227
2019-02-19,9.3111
2019-02-18,9.2649
2019-02-15,9.2829
2019-02-14,9.2905
2019-02-13,9.2691
2019-02-12,9.2602
2019-02-11,9.3078
2019-02-08,9.2741
2019-02-07,9.2612
2019-02-06,9.2051
2019-02-05,9.1156
2019-02-04,9.1022
2019-02-01,9.0507
2019-01-31,9.0477
2019-01-30,9.0447
2019-01-29,9.0685
2019-01-28,9.0553
2019-01-25,9.0488
2019-01-24,9.0852
2019-01-23,9.0221
2019-01-22,9.0268
2019-01-21,9.0166
2019-01-18,9.0281
2019-01-17,9.0192
2019-01-16,8.9993
2019-01-15,8.9674
2019-01-14,8.949
2019-01-11,8.9321
2019-01-10,8.9042
2019-01-09,8.8698
2019-01-08,8.9273
2019-01-07,8.8962
2019-01-04,8.9682
2019-01-03,9.0014
2019-01-02,9.017
2019-01-01,8.8716
2018-12-31,8.8533
2018-12-28,8.996
2018-12-27,9.0098
2018-12-26,9.1037
2018-12-25,9.0623
2018-12-24,9.0491
2018-12-21,9.043
2018-12-20,8.9754
2018-12-19,9.0989
2018-12-18,9.0702
2018-12-17,9.058
2018-12-14,9.0607
2018-12-13,9.0594
2018-12-12,9.089
2018-12-11,9.0893
2018-12-10,9.0964
2018-12-07,9.0464
2018-12-06,8.9882
2018-12-05,8.98
2018-12-04,9.0167
2018-12-03,9.0133
2018-11-30,9.1052
2018-11-29,9.0678
2018-11-28,9.0376
2018-11-27,9.1096
2018-11-26,9.0938
2018-11-23,9.0929
2018-11-22,9.0418
2018-11-21,9.0467
2018-11-20,9.0943
2018-11-19,9.0024
2018-11-16,9.0028
2018-11-15,9.0639
2018-11-14,9.0862
2018-11-13,9.0567
2018-11-12,9.1511
2018-11-09,9.08
2018-11-08,9.0197
2018-11-07,9.0266
2018-11-06,9.0432
2018-11-05,9.0561
2018-11-02,9.0613
2018-11-01,9.0435
2018-10-31,9.1654
2018-10-30,9.1756
2018-10-29,9.1519
2018-10-26,9.1331
2018-10-25,9.112
2018-10-24,9.1251
2018-10-23,9.025
2018-10-22,9.0029
2018-10-19,8.9907
2018-10-18,9.0439
2018-10-17,8.9636
2018-10-16,8.9064
2018-10-15,8.9532
2018-10-12,8.9617
2018-10-11,8.974
2018-10-10,9.1372
2018-10-09,9.1056
2018-10-08,9.086
2018-10-05,9.0665
2018-10-04,9.0602
2018-10-03,9.057
2018-10-02,9.0084
2018-10-01,8.9458
2018-09-28,8.8894
2018-09-27,8.8568
2018-09-26,8.8106
2018-09-25,8.8098
2018-09-24,8.799
2018-09-21,8.7942
2018-09-20,8.7737
2018-09-19,8.8736
2018-09-18,8.9092
2018-09-17,8.9121
2018-09-14,9.0513
2018-09-13,8.9546
2018-09-12,8.9804
2018-09-11,9.0418
2018-09-10,9.0684
2018-09-07,9.0583
2018-09-06,9.1069
2018-09-05,9.0551
2018-09-04,9.087
2018-09-03,9.097
2018-08-31,9.1537
2018-08-30,9.1187
2018-08-29,9.1372
2018-08-28,9.1373
2018-08-27,9.0951
2018-08-24,9.1288
2018-08-23,9.1366
2018-08-22,9.0653
2018-08-21,9.0961
2018-08-20,9.1542
2018-08-17,9.1533
2018-08-16,9.1921
2018-08-15,9.205
2018-08-14,9.1395
2018-08-13,9.116
2018-08-10,9.1228
2018-08-09,9.0078
2018-08-08,8.9523
2018-08-07,8.9167
2018-08-06,8.939
2018-08-03,8.9299
2018-08-02,8.8936
2018-08-01,8.8068
2018-07-31,8.7918
2018-07-30,8.7519
2018-07-27,8.8406
2018-07-26,8.8124
2018-07-25,8.757
2018-07-24,8.8161
2018-07-23,8.8605
2018-07-20,8.852
2018-07-19,8.914
2018-07-18,8.8657
2018-07-17,8.8406
2018-07-16,8.8227
2018-07-13,8.8796
2018-07-12,8.8736
2018-07-11,8.8231
2018-07-10,8.7406
2018-07-09,8.7262
2018-07-06,8.7242
2018-07-05,8.7666
2018-07-04,8.7891
2018-07-03,8.8377
2018-07-02,8.9652
2018-06-29,8.9428
2018-06-28,9.0191
2018-06-27,8.9772
2018-06-26,8.8821
2018-06-25,8.8459
2018-06-22,8.857
2018-06-21,8.8937
2018-06-20,8.8842
2018-06-19,8.8941
2018-06-18,8.8161
2018-06-15,8.7858
2018-06-14,8.7434
2018-06-13,8.6071
2018-06-12,8.6455
2018-06-11,8.662
2018-06-08,8.7153
2018-06-07,8.7001
2018-06-06,8.7332
2018-06-05,8.7502
2018-06-04,8.7574
2018-06-01,8.8217
2018-05-31,8.8136
2018-05-30,8.8103
2018-05-29,8.9615
2018-05-28,8.824
2018-05-25,8.7683
2018-05-24,8.7609
2018-05-23,8.7607
2018-05-22,8.6822
2018-05-21,8.6724
2018-05-18,8.7537
2018-05-17,8.7339
2018-05-16,8.705
2018-05-15,8.6854
2018-05-14,8.6427
2018-05-11,8.6016
2018-05-10,8.651
2018-05-09,8.7044
2018-05-08,8.8185
2018-05-07,8.8359
2018-05-04,8.8066
2018-05-03,8.8109
2018-05-02,8.9166
2018-05-01,8.8588
2018-04-30,8.7492
2018-04-27,8.6588
2018-04-26,8.6642
2018-04-25,8.565
2018-04-24,8.5077
2018-04-23,8.5194
2018-04-20,8.4461
2018-04-19,8.4043
2018-04-18,8.4051
2018-04-17,8.4033
2018-04-16,8.4168
2018-04-13,8.474
2018-04-12,8.4075
2018-04-11,8.3253
2018-04-10,8.3063
2018-04-09,8.358
2018-04-06,8.3915
2018-04-05,8.4185
2018-04-04,8.4027
2018-04-03,8.3964
2018-04-02,8.3914
2018-03-30,8.3418
2018-03-29,8.3612
2018-03-28,8.3517
2018-03-27,8.2309
2018-03-26,8.1919
2018-03-23,8.2479
2018-03-22,8.2567
2018-03-21,8.1834
2018-03-20,8.222
2018-03-19,8.1695
2018-03-16,8.1938
2018-03-15,8.1798
2018-03-14,8.1831
2018-03-13,8.217
2018-03-12,8.2419
2018-03-09,8.2442
2018-03-08,8.2691
2018-03-07,8.23
2018-03-06,8.2056
2018-03-05,8.2621
2018-03-02,8.2446
2018-03-01,8.2489
2018-02-28,8.2911
2018-02-27,8.2253
2018-02-26,8.1512
2018-02-23,8.1731
2018-02-22,8.116
2018-02-21,8.1189
2018-02-20,8.0964
2018-02-19,7.9845
2018-02-16,7.9688
2018-02-15,7.9345
2018-02-14,7.9554
2018-02-13,8.0279
2018-02-12,8.0643
2018-02-09,8.0804
2018-02-08,8.1172
2018-02-07,8.0844
2018-02-06,7.9518
2018-02-05,7.9799
2018-02-02,7.9028
2018-02-01,7.841
2018-01-31,7.879
2018-01-30,7.8904
2018-01-29,7.8929
2018-01-26,7.8682
2018-01-25,7.9223
2018-01-24,7.9267
2018-01-23,8.0075
2018-01-22,8.0193
2018-01-19,8.0531
2018-01-18,8.0188
2018-01-17,8.0509
2018-01-16,8.0405
2018-01-15,8.0216
2018-01-12,8.0495
2018-01-11,8.132
2018-01-10,8.2009
2018-01-09,8.2301
2018-01-08,8.2024
2018-01-05,8.1578
2018-01-04,8.1367
2018-01-03,8.1767
2018-01-02,8.168
2018-01-01,8.1758
2017-12-29,8.1833
2017-12-28,8.2454
2017-12-27,8.2762
2017-12-26,8.3479
2017-12-25,8.327
2017-12-22,8.3175
2017-12-21,8.3793
2017-12-20,8.403
2017-12-19,8.4079
2017-12-18,8.4363
2017-12-15,8.5041
2017-12-14,8.4394
2017-12-13,8.4131
2017-12-12,8.4206
2017-12-11,8.5033
2017-12-08,8.4452
2017-12-07,8.4861
2017-12-06,8.4362
2017-12-05,8.3629
2017-12-04,8.42
2017-12-01,8.3532
2017-11-30,8.3768
2017-11-29,8.3689
2017-11-28,8.3511
2017-11-27,8.3029
2017-11-24,8.2778
2017-11-23,8.2972
2017-11-22,8.338
2017-11-21,8.4302
2017-11-20,8.4851
2017-11-17,8.4277
2017-11-16,8.3986
2017-11-15,8.4295
2017-11-14,8.395
2017-11-13,8.3833
2017-11-10,8.3533
2017-11-09,8.378
2017-11-08,8.381
2017-11-07,8.3981
2017-11-06,8.3979
2017-11-03,8.4337
2017-11-02,8.3948
2017-11-01,8.4014
2017-10-31,8.3776
2017-10-30,8.3534
2017-10-27,8.3722
2017-10-26,8.349
2017-10-25,8.218
2017-10-24,8.2209
2017-10-23,8.2003
2017-10-20,8.162
2017-10-19,8.1263
2017-10-18,8.1427
2017-10-17,8.1531
2017-10-16,8.106
2017-10-13,8.1072
2017-10-12,8.1202
2017-10-11,8.049
2017-10-10,8.0738
2017-10-09,8.1262
2017-10-06,8.1188
2017-10-05,8.1407
2017-10-04,8.0987
2017-10-03,8.1376
2017-10-02,8.1698
2017-09-29,8.148
2017-09-28,8.1124
2017-09-27,8.1495
2017-09-26,8.1199
2017-09-25,8.0432
2017-09-22,7.9828
2017-09-21,7.972
2017-09-20,8.0132
2017-09-19,7.9519
2017-09-18,7.9623
2017-09-15,7.9663
2017-09-14,7.9889
2017-09-13,8.0329
2017-09-12,7.9714
2017-09-11,8.0129
2017-09-08,7.931
2017-09-07,7.9211
2017-09-06,7.9804
2017-09-05,7.9703
2017-09-04,7.9639
2017-09-01,8
2017-08-31,7.9387
2017-08-30,7.9794
2017-08-29,7.9389
2017-08-28,7.9589
2017-08-25,7.9644
2017-08-24,8.0672
2017-08-23,8.0598
2017-08-22,8.0947
2017-08-21,8.074
2017-08-18,8.116
2017-08-17,8.1394
2017-08-16,8.0773
2017-08-15,8.0735
2017-08-14,8.1129
2017-08-11,8.1186
2017-08-10,8.1352
2017-08-09,8.177
2017-08-08,8.1759
2017-08-07,8.1502
2017-08-04,8.1463
2017-08-03,8.1015
2017-08-02,8.0983
2017-08-01,8.1095
2017-07-31,8.0678
2017-07-28,8.1195
2017-07-27,8.2155
2017-07-26,8.1703
2017-07-25,8.2085
2017-07-24,8.2154
2017-07-21,8.2417
2017-07-20,8.2238
2017-07-19,8.3037
2017-07-18,8.3019
2017-07-17,8.2893
2017-07-14,8.3082
2017-07-13,8.3587
2017-07-12,8.4173
2017-07-11,8.4004
2017-07-10,8.4305
2017-07-07,8.4269
2017-07-06,8.4423
2017-07-05,8.4868
2017-07-04,8.5261
2017-07-03,8.4903
2017-06-30,8.4322
2017-06-29,8.4674
2017-06-28,8.5444
2017-06-27,8.614
2017-06-26,8.7203
2017-06-23,8.7212
2017-06-22,8.7491
2017-06-21,8.7486
2017-06-20,8.7831
2017-06-19,8.7425
2017-06-16,8.7096
2017-06-15,8.7492
2017-06-14,8.7033
2017-06-13,8.6939
2017-06-12,8.7476
2017-06-09,8.7152
2017-06-08,8.7103
2017-06-07,8.6907
2017-06-06,8.6646
2017-06-05,8.6516
2017-06-02,8.6224
2017-06-01,8.6937
2017-05-31,8.6882
2017-05-30,8.7245
2017-05-29,8.7041
2017-05-26,8.6894
2017-05-25,8.6862
2017-05-24,8.6687
2017-05-23,8.7067
2017-05-22,8.6945
2017-05-19,8.7305
2017-05-18,8.8073
2017-05-17,8.7347
2017-05-16,8.7933
2017-05-15,8.8306
2017-05-12,8.8293
2017-05-11,8.8843
2017-05-10,8.9232
2017-05-09,8.8884
2017-05-08,8.8455
2017-05-05,8.7962
2017-05-04,8.8315
2017-05-03,8.85
2017-05-02,8.8039
2017-05-01,8.8489
2017-04-28,8.8535
2017-04-27,8.8344
2017-04-26,8.7635
2017-04-25,8.7787
2017-04-24,8.858
2017-04-21,8.995
2017-04-20,8.9865
2017-04-19,8.9728
2017-04-18,8.9554
2017-04-17,8.9972
2017-04-14,9.041
2017-04-13,9.0434
2017-04-12,8.977
2017-04-11,9.0599
2017-04-10,9.0775
2017-04-07,9.0736
2017-04-06,9.0244
2017-04-05,8.9913
2017-04-04,9.0072
2017-04-03,8.9544
2017-03-31,8.9707
2017-03-30,8.9433
2017-03-29,8.8677
2017-03-28,8.8315
2017-03-27,8.7885
2017-03-24,8.8083
2017-03-23,8.8294
2017-03-22,8.8021
2017-03-21,8.799
2017-03-20,8.8225
2017-03-17,8.8352
2017-03-16,8.8197
2017-03-15,8.8635
2017-03-14,8.9707
2017-03-13,8.942
2017-03-10,9.0085
2017-03-09,9.0466
2017-03-08,9.0558
2017-03-07,9.0119
2017-03-06,9.0185
2017-03-03,8.9799
2017-03-02,9.0846
2017-03-01,9.0499
2017-02-28,9.0365
2017-02-27,9.063
2017-02-24,9.0353
2017-02-23,8.9924
2017-02-22,8.9745
2017-02-21,8.9768
2017-02-20,8.936
2017-02-17,8.9119
2017-02-16,8.8601
2017-02-15,8.9203
2017-02-14,8.9333
2017-02-13,8.9397
2017-02-10,8.919
2017-02-09,8.9044
2017-02-08,8.8359
2017-02-07,8.8706
2017-02-06,8.8234
2017-02-03,8.7648
2017-02-02,8.7513
2017-02-01,8.7527
2017-01-31,8.7424
2017-01-30,8.8324
2017-01-27,8.8488
2017-01-26,8.8397
2017-01-25,8.8187
2017-01-24,8.8481
2017-01-23,8.8289
2017-01-20,8.8797
2017-01-19,8.9501
2017-01-18,8.9533
2017-01-17,8.8844
2017-01-16,8.9522
2017-01-13,8.9116
2017-01-12,8.9519
2017-01-11,9.0268
2017-01-10,9.0824
2017-01-09,9.0458
2017-01-06,9.0574
2017-01-05,8.9933
2017-01-04,9.1047
2017-01-03,9.1618
2017-01-02,9.1384
2016-12-30,9.1061
